archivo,fila,columna,tau,error_rms
IMG_20250612_173002.jpg,0,0,0.6547845764478112,0.012989285263451864
IMG_20250612_173002.jpg,0,1,0.32752896447744906,0.013357299630111952
IMG_20250612_173002.jpg,0,2,0.2045181365540186,0.013473426918658486
IMG_20250612_173002.jpg,0,3,0.1653416036929766,0.013655247635417856
IMG_20250612_173002.jpg,0,4,0.12220384973503484,0.01591606629564235
IMG_20250612_173002.jpg,0,5,0.11565020426894908,0.019128843619766585
IMG_20250612_173002.jpg,0,6,0.09164022818617062,0.01865247159616699
IMG_20250612_173002.jpg,0,7,0.11297603424473317,0.01806517021336497
IMG_20250612_173002.jpg,1,0,0.6931621891670177,0.012885068920077028
IMG_20250612_173002.jpg,1,1,0.5070468973688742,0.013126134950014951
IMG_20250612_173002.jpg,1,2,0.250442356091137,0.013006371836603423
IMG_20250612_173002.jpg,1,3,0.130450928667443,0.013023049126318796
IMG_20250612_173002.jpg,1,4,0.10811531253535389,0.015828196212637632
IMG_20250612_173002.jpg,1,5,0.13222523677623332,0.015677519444078126
IMG_20250612_173002.jpg,1,6,0.12827191962351225,0.01594920452667026
IMG_20250612_173002.jpg,1,7,0.1489017737764734,0.013600255236451397
IMG_20250612_173002.jpg,2,0,0.38917746818896054,0.013083800021365458
IMG_20250612_173002.jpg,2,1,0.21209114819756925,0.01364591554703087
IMG_20250612_173002.jpg,2,2,0.15614899385541708,0.013864001523953723
IMG_20250612_173002.jpg,2,3,0.265073206479776,0.013618195117382163
IMG_20250612_173002.jpg,2,4,0.16476613810585908,0.014256666597880534
IMG_20250612_173002.jpg,2,5,0.17318203017726386,0.013269257523105997
IMG_20250612_173002.jpg,2,6,0.13923053954127343,0.014086148826959653
IMG_20250612_173002.jpg,2,7,0.10874775525205761,0.014535093298950003
IMG_20250612_173002.jpg,3,0,0.2243612444904707,0.013574963194699358
IMG_20250612_173002.jpg,3,1,0.2694424290804354,0.013649757303026842
IMG_20250612_173002.jpg,3,2,0.1578593490581331,0.013340107820151091
IMG_20250612_173002.jpg,3,3,0.16389591714294277,0.01381931306354494
IMG_20250612_173002.jpg,3,4,0.24294462744880582,0.012692547899651104
IMG_20250612_173002.jpg,3,5,0.20499797075210596,0.013182746952592373
IMG_20250612_173002.jpg,3,6,0.11199633241069092,0.01619082210234567
IMG_20250612_173002.jpg,3,7,0.13967477521032945,0.014346791035852343
IMG_20250612_173002.jpg,4,0,0.19269122432601724,0.013378996259795427
IMG_20250612_173002.jpg,4,1,0.27033238696942524,0.014257897904323365
IMG_20250612_173002.jpg,4,2,0.05249320261324182,0.022190923286407455
IMG_20250612_173002.jpg,4,3,0.10588108418301671,0.016858835417228855
IMG_20250612_173002.jpg,4,4,0.10000752679854878,0.015192747684233902
IMG_20250612_173002.jpg,4,5,0.10975544645470602,0.013475974382496836
IMG_20250612_173002.jpg,4,6,0.17223781896092666,0.013271612437929955
IMG_20250612_173002.jpg,4,7,0.08509110628389009,0.01709885940291939
IMG_20250612_173002.jpg,5,0,0.09004549424696477,0.01817189014292595
IMG_20250612_173002.jpg,5,1,0.054820862098846075,0.025795214806788203
IMG_20250612_173002.jpg,5,2,0.0859034321318773,0.02009067722115914
IMG_20250612_173002.jpg,5,3,0.06219665183490405,0.025461728959122906
IMG_20250612_173002.jpg,5,4,0.048369890475413804,0.025648894197409334
IMG_20250612_173002.jpg,5,5,0.0569147683353616,0.027551992245690504
IMG_20250612_173002.jpg,5,6,0.09016719836372535,0.02464012423329716
IMG_20250612_173002.jpg,5,7,0.0935321829395607,0.024080481894754424
IMG_20250612_173002.jpg,6,0,0.4515830825942015,0.00982503017257684
IMG_20250612_173002.jpg,6,1,0.4043981417760267,0.008256227118966761
IMG_20250612_173002.jpg,6,2,0.5637054390734689,0.005672064737418471
IMG_20250612_173002.jpg,6,3,0.2364821961768345,0.012496753762708398
IMG_20250612_173002.jpg,6,4,0.369731634674583,0.012076230474036543
IMG_20250612_173002.jpg,6,5,0.43861004525261066,0.011817424707686848
IMG_20250612_173002.jpg,6,6,0.1037141779071478,0.03145771767714504
IMG_20250612_173002.jpg,6,7,0.12055397790664203,0.02991064923737416
IMG_20250612_173002.jpg,7,0,0.2724060652883271,0.010482434780030985
IMG_20250612_173002.jpg,7,1,0.17895487478234143,0.00821475871646564
IMG_20250612_173002.jpg,7,2,0.719244347883992,0.004460838227394514
IMG_20250612_173002.jpg,7,3,0.23392094039986822,0.010970494888533066
IMG_20250612_173002.jpg,7,4,0.3961001260553031,0.013225408927415198
IMG_20250612_173002.jpg,7,5,0.5497299253199653,0.011919588440742384
IMG_20250612_173002.jpg,7,6,0.3473624902488852,0.01620118994895146
IMG_20250612_173002.jpg,7,7,0.1197382097933973,0.03628335661625459
IMG_20260425_184934.jpg,0,0,0.06446933013823396,0.013024190310509639
IMG_20260425_184934.jpg,0,1,0.08618240660844705,0.011811391052830762
IMG_20260425_184934.jpg,0,2,0.10077588155803945,0.01019826786669115
IMG_20260425_184934.jpg,0,3,0.0666861087505576,0.012272711019091522
IMG_20260425_184934.jpg,0,4,0.08685183721836309,0.013654007321104226
IMG_20260425_184934.jpg,0,5,0.0708812559458448,0.02181659937568643
IMG_20260425_184934.jpg,0,6,0.05384972473434067,0.021240812437092558
IMG_20260425_184934.jpg,0,7,0.055329549017143397,0.019639678569422052
IMG_20260425_184934.jpg,1,0,0.05944672867781516,0.02073125501701285
IMG_20260425_184934.jpg,1,1,0.11218726224153858,0.015266404770163597
IMG_20260425_184934.jpg,1,2,0.40887562552766615,0.006720077617634038
IMG_20260425_184934.jpg,1,3,0.2436434622250515,0.012230249418742333
IMG_20260425_184934.jpg,1,4,0.07592718204791302,0.011191602095031188
IMG_20260425_184934.jpg,1,5,0.03631851777185493,0.017252628517847587
IMG_20260425_184934.jpg,1,6,0.04915988080003817,0.015602394510584702
IMG_20260425_184934.jpg,1,7,0.13248935042072543,0.010933911962853619
IMG_20260425_184934.jpg,2,0,0.044371272147424465,0.024330214249238796
IMG_20260425_184934.jpg,2,1,0.09639345217985461,0.019253885873433185
IMG_20260425_184934.jpg,2,2,0.2019414656923025,0.011269736253414103
IMG_20260425_184934.jpg,2,3,0.1505118613304445,0.021586665101878674
IMG_20260425_184934.jpg,2,4,0.1609873567136907,0.01335901664409684
IMG_20260425_184934.jpg,2,5,0.19001556809400588,0.010362833374816475
IMG_20260425_184934.jpg,2,6,0.08018679378724461,0.012651574836555017
IMG_20260425_184934.jpg,2,7,0.10621789978692268,0.010906999022193555
IMG_20260425_184934.jpg,3,0,0.06509411798964315,0.02097045044522972
IMG_20260425_184934.jpg,3,1,0.09182313129437007,0.016482955893185793
IMG_20260425_184934.jpg,3,2,0.11934005257554485,0.010554638730611382
IMG_20260425_184934.jpg,3,3,0.09691225594876834,0.01829078899677298
IMG_20260425_184934.jpg,3,4,0.11655850592720124,0.014218287841375687
IMG_20260425_184934.jpg,3,5,0.13787010650764847,0.012700172778687135
IMG_20260425_184934.jpg,3,6,0.1758773207316608,0.010759952310181488
IMG_20260425_184934.jpg,3,7,0.17369200425821696,0.009682845893377416
IMG_20260425_184934.jpg,4,0,0.07048448819854011,0.019542596128451734
IMG_20260425_184934.jpg,4,1,0.06668864754535997,0.02564876536413807
IMG_20260425_184934.jpg,4,2,0.08740445348511137,0.020280958534513973
IMG_20260425_184934.jpg,4,3,0.12510291439638835,0.014300876036006752
IMG_20260425_184934.jpg,4,4,0.24890798498551236,0.00909061895269798
IMG_20260425_184934.jpg,4,5,0.2002615138073049,0.006314379966804369
IMG_20260425_184934.jpg,4,6,0.1288832381363197,0.008738509185133475
IMG_20260425_184934.jpg,4,7,0.13526073130925895,0.009317415336535432
IMG_20260425_184934.jpg,5,0,0.058909592361183094,0.025071585234828855
IMG_20260425_184934.jpg,5,1,0.0586767088872844,0.02470843344308902
IMG_20260425_184934.jpg,5,2,0.0662191011526604,0.023973388686633266
IMG_20260425_184934.jpg,5,3,0.07569652713573542,0.02009747766286904
IMG_20260425_184934.jpg,5,4,0.13268338404418778,0.012554521820413174
IMG_20260425_184934.jpg,5,5,0.4707621181229626,0.006456518173865119
IMG_20260425_184934.jpg,5,6,0.8408841093669008,0.005103559549907541
IMG_20260425_184934.jpg,5,7,0.05572336045088524,0.012352402798414892
IMG_20260425_184934.jpg,6,0,0.0586321820868841,0.030659328018066492
IMG_20260425_184934.jpg,6,1,0.05401286119573738,0.020904929687954987
IMG_20260425_184934.jpg,6,2,0.061415350185911606,0.020747730986674803
IMG_20260425_184934.jpg,6,3,0.07377613807248855,0.020719211340919086
IMG_20260425_184934.jpg,6,4,0.08159557133987666,0.016944500086150446
IMG_20260425_184934.jpg,6,5,0.4582489740562902,0.008031234224729065
IMG_20260425_184934.jpg,6,6,0.2264672050736281,0.007181041161086362
IMG_20260425_184934.jpg,6,7,0.15122815743492657,0.00781255135734936
IMG_20260425_184934.jpg,7,0,0.05106166241989646,0.026975560187509743
IMG_20260425_184934.jpg,7,1,0.05057475255183193,0.024179322024550684
IMG_20260425_184934.jpg,7,2,0.0636161360898097,0.02038511789301541
IMG_20260425_184934.jpg,7,3,0.06042733255297293,0.021266176085128694
IMG_20260425_184934.jpg,7,4,0.06151829415332982,0.016922027943074687
IMG_20260425_184934.jpg,7,5,0.06859479878000486,0.020002690966829603
IMG_20260425_184934.jpg,7,6,0.06953214864788836,0.01943057438092468
IMG_20260425_184934.jpg,7,7,0.09540828960699879,0.025116502879516396
IMG_20260425_184935.jpg,0,0,0.06445375991646461,0.009947722701204795
IMG_20260425_184935.jpg,0,1,0.08711926160805018,0.007769784202039875
IMG_20260425_184935.jpg,0,2,0.09859210771540375,0.006804819473378729
IMG_20260425_184935.jpg,0,3,0.07064295358148942,0.008388568385659823
IMG_20260425_184935.jpg,0,4,0.08921218253276045,0.009484027756591464
IMG_20260425_184935.jpg,0,5,0.07903633611088809,0.02081505542178969
IMG_20260425_184935.jpg,0,6,0.056498681547725256,0.015729185877968916
IMG_20260425_184935.jpg,0,7,0.05802103627538849,0.011560642583039868
IMG_20260425_184935.jpg,1,0,0.06437642132155826,0.026547520372236514
IMG_20260425_184935.jpg,1,1,0.12030139118949197,0.023652203010559338
IMG_20260425_184935.jpg,1,2,0.3779093003233783,0.006262123484593677
IMG_20260425_184935.jpg,1,3,0.2753426876929915,0.011871658117555533
IMG_20260425_184935.jpg,1,4,0.08593476660868857,0.00983329549577056
IMG_20260425_184935.jpg,1,5,0.03814733448540655,0.024216729442945246
IMG_20260425_184935.jpg,1,6,0.046754080301333795,0.018216966613758146
IMG_20260425_184935.jpg,1,7,0.142461852086949,0.012758641093515582
IMG_20260425_184935.jpg,2,0,0.0441386144658462,0.031175785113908054
IMG_20260425_184935.jpg,2,1,0.09932574529976297,0.02909923061635817
IMG_20260425_184935.jpg,2,2,0.2181872739260052,0.00868974792116839
IMG_20260425_184935.jpg,2,3,0.1696338256245779,0.019815428717218673
IMG_20260425_184935.jpg,2,4,0.18684887079276885,0.011219005189874925
IMG_20260425_184935.jpg,2,5,0.2027325350779791,0.00936941267472046
IMG_20260425_184935.jpg,2,6,0.09523437816128544,0.012742784804101133
IMG_20260425_184935.jpg,2,7,0.10177206347646092,0.011306695858046686
IMG_20260425_184935.jpg,3,0,0.06873528170061008,0.02568895993045408
IMG_20260425_184935.jpg,3,1,0.09329110508001928,0.01910778474313431
IMG_20260425_184935.jpg,3,2,0.13142365430830455,0.009091717449051174
IMG_20260425_184935.jpg,3,3,0.10236485671166033,0.016612165868631852
IMG_20260425_184935.jpg,3,4,0.13052888170832533,0.0100398724573483
IMG_20260425_184935.jpg,3,5,0.15204147016134453,0.0089484165939766
IMG_20260425_184935.jpg,3,6,0.18567227763558955,0.008372730592692643
IMG_20260425_184935.jpg,3,7,0.1860815212829469,0.007216812843879119
IMG_20260425_184935.jpg,4,0,0.072580003542813,0.026398593007242725
IMG_20260425_184935.jpg,4,1,0.06629426836472238,0.03950301999353391
IMG_20260425_184935.jpg,4,2,0.08727754111227067,0.028238433644758202
IMG_20260425_184935.jpg,4,3,0.1203241667753673,0.020321548733087613
IMG_20260425_184935.jpg,4,4,0.22881571667280137,0.010902793415709969
IMG_20260425_184935.jpg,4,5,0.24110281741808884,0.005393016148152389
IMG_20260425_184935.jpg,4,6,0.13956383921721893,0.006401717178620321
IMG_20260425_184935.jpg,4,7,0.14895559445759607,0.007457350627040919
IMG_20260425_184935.jpg,5,0,0.059254011375587175,0.036295270509223355
IMG_20260425_184935.jpg,5,1,0.05944551401600299,0.03457682220647299
IMG_20260425_184935.jpg,5,2,0.06572241796130192,0.03554573048658675
IMG_20260425_184935.jpg,5,3,0.07546262095888237,0.0313038406353807
IMG_20260425_184935.jpg,5,4,0.12533373538795786,0.017645358684965202
IMG_20260425_184935.jpg,5,5,0.41033527400023034,0.007643697428118901
IMG_20260425_184935.jpg,5,6,0.8237538109846626,0.00498647247117375
IMG_20260425_184935.jpg,5,7,0.061044207204782076,0.009637753610909882
IMG_20260425_184935.jpg,6,0,0.05769438868542165,0.04333057724171873
IMG_20260425_184935.jpg,6,1,0.05434395605402812,0.02953863757521218
IMG_20260425_184935.jpg,6,2,0.06120619772210579,0.028896613243119245
IMG_20260425_184935.jpg,6,3,0.0723735283808159,0.029732950607321597
IMG_20260425_184935.jpg,6,4,0.07900529848923592,0.019782377519014134
IMG_20260425_184935.jpg,6,5,0.48940003314803215,0.006714253448595039
IMG_20260425_184935.jpg,6,6,0.23212251585218524,0.0065815594976665675
IMG_20260425_184935.jpg,6,7,0.13924855539175976,0.006810108903341452
IMG_20260425_184935.jpg,7,0,0.05271998090493584,0.02429059243904372
IMG_20260425_184935.jpg,7,1,0.0533433334554941,0.027782586705115634
IMG_20260425_184935.jpg,7,2,0.06433390591404695,0.025276418806244375
IMG_20260425_184935.jpg,7,3,0.06063132691839507,0.029797722572089288
IMG_20260425_184935.jpg,7,4,0.06425987841545155,0.010773897348720024
IMG_20260425_184935.jpg,7,5,0.0756181392845795,0.013040504591396078
IMG_20260425_184935.jpg,7,6,0.07496681061685544,0.012054253256892052
IMG_20260425_184935.jpg,7,7,0.12373517718281772,0.01621393431307957
IMG_20260425_185359.jpg,0,0,0.13857993994181236,0.006355990792024405
IMG_20260425_185359.jpg,0,1,0.22662172919418597,0.005944182340204585
IMG_20260425_185359.jpg,0,2,0.17093873715476154,0.006423657996250984
IMG_20260425_185359.jpg,0,3,0.22386111836649916,0.0064293123252181245
IMG_20260425_185359.jpg,0,4,0.06936521960548377,0.01695913727537436
IMG_20260425_185359.jpg,0,5,0.03329016957550004,0.016419095778000097
IMG_20260425_185359.jpg,0,6,0.14893051937812707,0.011710717620092768
IMG_20260425_185359.jpg,0,7,0.13735924703896094,0.008704199407769878
IMG_20260425_185359.jpg,1,0,1.0790814196529968,0.006047824601019688
IMG_20260425_185359.jpg,1,1,1.0066906394915063,0.006070271810253958
IMG_20260425_185359.jpg,1,2,0.850104437171425,0.0058952266754083585
IMG_20260425_185359.jpg,1,3,0.8077083401896794,0.00599656164991085
IMG_20260425_185359.jpg,1,4,0.11405024468123579,0.008504307665567952
IMG_20260425_185359.jpg,1,5,0.10937817559407698,0.013254438391777304
IMG_20260425_185359.jpg,1,6,0.10339473712459489,0.009654803199521573
IMG_20260425_185359.jpg,1,7,0.11106406370896654,0.010836241237101777
IMG_20260425_185359.jpg,2,0,1.0677065392515122,0.00589844890552645
IMG_20260425_185359.jpg,2,1,1.0824432018986523,0.005878551197085897
IMG_20260425_185359.jpg,2,2,0.9374462163758344,0.006032663473300293
IMG_20260425_185359.jpg,2,3,0.880192009920129,0.005930219680559127
IMG_20260425_185359.jpg,2,4,0.7356818280482817,0.005987640153757181
IMG_20260425_185359.jpg,2,5,0.6539936972865804,0.006049368184322403
IMG_20260425_185359.jpg,2,6,0.7323207659515963,0.006098639310893559
IMG_20260425_185359.jpg,2,7,1.0015958205811488,0.006021653104059928
IMG_20260425_185359.jpg,3,0,0.30289351736246445,0.005411652922557383
IMG_20260425_185359.jpg,3,1,0.31984940411650353,0.005138309401889423
IMG_20260425_185359.jpg,3,2,0.4941788347762395,0.005801527112756297
IMG_20260425_185359.jpg,3,3,0.8003709861123608,0.005718575734386553
IMG_20260425_185359.jpg,3,4,0.8382687170866145,0.005759480937119378
IMG_20260425_185359.jpg,3,5,0.7012158195205414,0.005712419720089688
IMG_20260425_185359.jpg,3,6,0.5699057297273771,0.005880411984206828
IMG_20260425_185359.jpg,3,7,0.7217895952823699,0.006012490603174914
IMG_20260425_185359.jpg,4,0,1.7112840774899964,0.003716044231052718
IMG_20260425_185359.jpg,4,1,1.6645746606745877,0.0041516844965397495
IMG_20260425_185359.jpg,4,2,0.6902628708460675,0.0039659654694113805
IMG_20260425_185359.jpg,4,3,0.29682877627202514,0.004304898023649342
IMG_20260425_185359.jpg,4,4,0.26748207005823066,0.005045660862085844
IMG_20260425_185359.jpg,4,5,0.30544434878802196,0.005219857657077025
IMG_20260425_185359.jpg,4,6,0.30792362736703116,0.005375637480110585
IMG_20260425_185359.jpg,4,7,0.3251029758136101,0.005340209940559215
IMG_20260425_185359.jpg,5,0,1.6930097815747065,0.0039493456563922
IMG_20260425_185359.jpg,5,1,1.6998573007279187,0.004217530119664312
IMG_20260425_185359.jpg,5,2,1.526305010345949,0.0037445106394494504
IMG_20260425_185359.jpg,5,3,1.6875839613227257,0.0038650306766824473
IMG_20260425_185359.jpg,5,4,1.6752632511517889,0.0037504577818327934
IMG_20260425_185359.jpg,5,5,1.6419361071032847,0.0038490622437537918
IMG_20260425_185359.jpg,5,6,1.6936055352613535,0.003765152091423879
IMG_20260425_185359.jpg,5,7,1.692809538557299,0.00374322097522365
IMG_20260425_185359.jpg,6,0,1.6455492274089643,0.00445365507108678
IMG_20260425_185359.jpg,6,1,1.6575990934615603,0.00434845533429019
IMG_20260425_185359.jpg,6,2,1.5463499976123112,0.0039787501227366105
IMG_20260425_185359.jpg,6,3,1.6638841780949978,0.004276917466584002
IMG_20260425_185359.jpg,6,4,1.6449220885714813,0.004176538560671395
IMG_20260425_185359.jpg,6,5,1.6148769296201548,0.0042264632825521516
IMG_20260425_185359.jpg,6,6,1.6848678879900916,0.004103895300206774
IMG_20260425_185359.jpg,6,7,1.6857086419434555,0.0040308361943371925
IMG_20260425_185359.jpg,7,0,1.6359096834336102,0.0047467665885305614
IMG_20260425_185359.jpg,7,1,1.5235488044936223,0.004471631866023038
IMG_20260425_185359.jpg,7,2,1.62171876389926,0.004305884599843115
IMG_20260425_185359.jpg,7,3,1.6208644309963989,0.0045439473033531816
IMG_20260425_185359.jpg,7,4,1.5969077970912535,0.004536398692558672
IMG_20260425_185359.jpg,7,5,1.6410703697527311,0.004549132938080793
IMG_20260425_185359.jpg,7,6,1.6326183075598006,0.0044623215764634915
IMG_20260425_185359.jpg,7,7,1.5496579106747352,0.0045316384630285506
IMG_20260425_190354.jpg,0,0,0.05768766310317971,0.034945405395320796
IMG_20260425_190354.jpg,0,1,0.05274728343890525,0.03562123376346552
IMG_20260425_190354.jpg,0,2,0.05242888244857608,0.03560506198419387
IMG_20260425_190354.jpg,0,3,0.05349558641021727,0.035131386157626364
IMG_20260425_190354.jpg,0,4,0.05384793011106099,0.03214409348878441
IMG_20260425_190354.jpg,0,5,0.0619714584750168,0.01730361142683694
IMG_20260425_190354.jpg,0,6,0.06675827396397087,0.01196909341254249
IMG_20260425_190354.jpg,0,7,0.040938303145455164,0.013601848918009484
IMG_20260425_190354.jpg,1,0,0.09586196470249957,0.020731243837923043
IMG_20260425_190354.jpg,1,1,0.11246155336926453,0.013995261551492407
IMG_20260425_190354.jpg,1,2,0.08605964039729885,0.021133206098059246
IMG_20260425_190354.jpg,1,3,0.1312127453031104,0.016862465453891157
IMG_20260425_190354.jpg,1,4,0.31158896933577535,0.011181456803646316
IMG_20260425_190354.jpg,1,5,0.3998960444107109,0.008376949734271341
IMG_20260425_190354.jpg,1,6,0.6111402799546742,0.008111488994758153
IMG_20260425_190354.jpg,1,7,1.1866490620671608,0.007625881628673797
IMG_20260425_190354.jpg,2,0,0.22526382857322547,0.00987262428056265
IMG_20260425_190354.jpg,2,1,0.49056084086472274,0.008099582362623972
IMG_20260425_190354.jpg,2,2,0.5260672467981321,0.008606969275884113
IMG_20260425_190354.jpg,2,3,0.40737563686596506,0.008931892753308312
IMG_20260425_190354.jpg,2,4,0.44176233926646336,0.008419784249464136
IMG_20260425_190354.jpg,2,5,0.4275239974102892,0.008395464413550031
IMG_20260425_190354.jpg,2,6,0.4931680944665617,0.008294549773729275
IMG_20260425_190354.jpg,2,7,0.4582357836111331,0.008045042260812901
IMG_20260425_190354.jpg,3,0,0.250522767866553,0.010570706620222999
IMG_20260425_190354.jpg,3,1,0.7253501441629849,0.008871467564626803
IMG_20260425_190354.jpg,3,2,0.4676372450075487,0.009103089156925669
IMG_20260425_190354.jpg,3,3,0.37556402088691837,0.008909437182008982
IMG_20260425_190354.jpg,3,4,0.33376687994548465,0.008945391770582593
IMG_20260425_190354.jpg,3,5,0.2957920420496373,0.0089537932892848
IMG_20260425_190354.jpg,3,6,0.30785054292043734,0.00867082614649905
IMG_20260425_190354.jpg,3,7,0.3131094989363337,0.008453526338478286
IMG_20260425_190354.jpg,4,0,0.17932388335326502,0.015297044815962774
IMG_20260425_190354.jpg,4,1,0.04782624551184763,0.019975845701493293
IMG_20260425_190354.jpg,4,2,0.03289398535417806,0.018572188828475236
IMG_20260425_190354.jpg,4,3,0.12426770146945156,0.012002118644354956
IMG_20260425_190354.jpg,4,4,0.3932449232553882,0.009424092317396007
IMG_20260425_190354.jpg,4,5,0.44801882331243537,0.008089621193376697
IMG_20260425_190354.jpg,4,6,0.44784274571547933,0.008305332085380493
IMG_20260425_190354.jpg,4,7,0.4105466650032133,0.008464922605317046
IMG_20260425_190354.jpg,5,0,0.06951738665058736,0.033194736494273513
IMG_20260425_190354.jpg,5,1,0.07224917257363213,0.0324691521189111
IMG_20260425_190354.jpg,5,2,0.0863089050543439,0.0321507118841018
IMG_20260425_190354.jpg,5,3,0.07716512172557768,0.03357959934117267
IMG_20260425_190354.jpg,5,4,0.055643556957031604,0.03582324444470495
IMG_20260425_190354.jpg,5,5,0.04787306773628019,0.025527837484502828
IMG_20260425_190354.jpg,5,6,0.9099754139764276,0.0070723560536849394
IMG_20260425_190354.jpg,5,7,1.2844755704943216,0.006691439980060605
IMG_20260425_190354.jpg,6,0,0.05975132315243463,0.03718544407153216
IMG_20260425_190354.jpg,6,1,0.053452031025553785,0.04181822223115561
IMG_20260425_190354.jpg,6,2,0.052408659500102046,0.0441341897958365
IMG_20260425_190354.jpg,6,3,0.050108051130725244,0.04508394438748075
IMG_20260425_190354.jpg,6,4,0.0516512156823404,0.043133711571598066
IMG_20260425_190354.jpg,6,5,0.040456530668865634,0.03321079286786123
IMG_20260425_190354.jpg,6,6,0.3054627611562228,0.008180699161872843
IMG_20260425_190354.jpg,6,7,0.0591547718933427,0.014209622015567136
IMG_20260425_190354.jpg,7,0,0.05352598510380613,0.04095174684805876
IMG_20260425_190354.jpg,7,1,0.04940981817814177,0.05165032056253726
IMG_20260425_190354.jpg,7,2,0.04924511896351081,0.05729458067939642
IMG_20260425_190354.jpg,7,3,0.04963718349078419,0.059746534216684966
IMG_20260425_190354.jpg,7,4,0.048340711343050645,0.05962140020675328
IMG_20260425_190354.jpg,7,5,0.03635310276057083,0.045239292596404274
IMG_20260425_190354.jpg,7,6,1.1002193301793344,0.007419218167736457
IMG_20260425_190354.jpg,7,7,1.2788637504591238,0.007203156963101071
IMG_20260425_190359.jpg,0,0,0.05715325333191786,0.029799822343601654
IMG_20260425_190359.jpg,0,1,0.05382384865870405,0.029861127439373476
IMG_20260425_190359.jpg,0,2,0.049969968793724125,0.02915021037212401
IMG_20260425_190359.jpg,0,3,0.05069300939909406,0.03278107359773724
IMG_20260425_190359.jpg,0,4,0.05216468534704421,0.03118835110280847
IMG_20260425_190359.jpg,0,5,1.3574442548981827,0.006018064873191969
IMG_20260425_190359.jpg,0,6,1.495255084812247,0.005791811523818836
IMG_20260425_190359.jpg,0,7,0.11056983728006606,0.008345561684845904
IMG_20260425_190359.jpg,1,0,0.06999330982521132,0.027001961032925494
IMG_20260425_190359.jpg,1,1,0.0609422589019804,0.026861938890848095
IMG_20260425_190359.jpg,1,2,0.05939555194673761,0.03349860843562446
IMG_20260425_190359.jpg,1,3,0.06716044923128393,0.025200371457700235
IMG_20260425_190359.jpg,1,4,0.08288424010744344,0.02134981094598538
IMG_20260425_190359.jpg,1,5,0.19615848455898863,0.008676365240029536
IMG_20260425_190359.jpg,1,6,0.07303418916887593,0.012876455661069125
IMG_20260425_190359.jpg,1,7,0.060115774141866855,0.012229615070849065
IMG_20260425_190359.jpg,2,0,0.32469162028963255,0.008803799950608789
IMG_20260425_190359.jpg,2,1,0.5260971511793279,0.00766910361812616
IMG_20260425_190359.jpg,2,2,0.40576853205093355,0.00846010622120994
IMG_20260425_190359.jpg,2,3,0.3924811485845421,0.008338811379265034
IMG_20260425_190359.jpg,2,4,0.42193445955438863,0.008052268514888833
IMG_20260425_190359.jpg,2,5,0.5027052313429788,0.007521258578357611
IMG_20260425_190359.jpg,2,6,1.1033044193886603,0.007189931455227083
IMG_20260425_190359.jpg,2,7,1.394808741741254,0.006998256030139653
IMG_20260425_190359.jpg,3,0,0.33903702166533606,0.010312325407529485
IMG_20260425_190359.jpg,3,1,0.9860530128157872,0.00820835012044952
IMG_20260425_190359.jpg,3,2,0.5062312626196286,0.008312847761729239
IMG_20260425_190359.jpg,3,3,0.50652335704819,0.008176333754639619
IMG_20260425_190359.jpg,3,4,0.4605278070804702,0.008146019267790407
IMG_20260425_190359.jpg,3,5,0.40513923821465453,0.008172152045340192
IMG_20260425_190359.jpg,3,6,0.4345599085155869,0.007720209462190325
IMG_20260425_190359.jpg,3,7,0.7702087162732285,0.0071996664899692375
IMG_20260425_190359.jpg,4,0,0.18844131778746134,0.015252812062002841
IMG_20260425_190359.jpg,4,1,0.13514262001135172,0.016583496057751352
IMG_20260425_190359.jpg,4,2,0.05747692571015998,0.018689791009517075
IMG_20260425_190359.jpg,4,3,0.36533206905581844,0.00887368087350737
IMG_20260425_190359.jpg,4,4,0.3521648474611982,0.00816741261042862
IMG_20260425_190359.jpg,4,5,0.31126652503543767,0.00860634880035948
IMG_20260425_190359.jpg,4,6,0.4138145009139605,0.008417031668301893
IMG_20260425_190359.jpg,4,7,0.4827154550183255,0.00801862273664468
IMG_20260425_190359.jpg,5,0,0.11534657943492385,0.0314958102069263
IMG_20260425_190359.jpg,5,1,0.11207890316248909,0.03352637234901264
IMG_20260425_190359.jpg,5,2,0.09237245579528798,0.03284280012535493
IMG_20260425_190359.jpg,5,3,0.08068593740589639,0.03311503742733267
IMG_20260425_190359.jpg,5,4,0.05783875092251228,0.032327721695246774
IMG_20260425_190359.jpg,5,5,0.4971575122495679,0.006743347250000086
IMG_20260425_190359.jpg,5,6,0.15755345838908752,0.007872573584899735
IMG_20260425_190359.jpg,5,7,0.1634347033478407,0.009219936040748097
IMG_20260425_190359.jpg,6,0,0.06933431998831027,0.03146444300540558
IMG_20260425_190359.jpg,6,1,0.060271397220493135,0.03514642387142629
IMG_20260425_190359.jpg,6,2,0.059527233203712754,0.037251216101763046
IMG_20260425_190359.jpg,6,3,0.056348264342176387,0.036408193291516705
IMG_20260425_190359.jpg,6,4,0.058503044859990395,0.034696243243334146
IMG_20260425_190359.jpg,6,5,0.49271317157560274,0.0070672805032773395
IMG_20260425_190359.jpg,6,6,0.08377687753250095,0.01155193224610684
IMG_20260425_190359.jpg,6,7,0.05060234952525275,0.015265514672583797
IMG_20260425_190359.jpg,7,0,0.053237969314801355,0.04009730812057819
IMG_20260425_190359.jpg,7,1,0.061259939795755024,0.03623970138511226
IMG_20260425_190359.jpg,7,2,0.05531160347806927,0.03793483091109707
IMG_20260425_190359.jpg,7,3,0.04919117265151209,0.044869509551290404
IMG_20260425_190359.jpg,7,4,0.04617734184061096,0.04815810648677542
IMG_20260425_190359.jpg,7,5,0.19278455071156952,0.009014486490212375
IMG_20260425_190359.jpg,7,6,1.3873242877921867,0.006471674380865627
IMG_20260425_190359.jpg,7,7,1.2016164326169647,0.006365683044475171
IMG_20260425_190407.jpg,0,0,0.05702629547332925,0.05514117467401219
IMG_20260425_190407.jpg,0,1,0.05014805901860786,0.057055044399726994
IMG_20260425_190407.jpg,0,2,0.05241867696563508,0.057096175625943886
IMG_20260425_190407.jpg,0,3,0.052630594370939525,0.058138409879451305
IMG_20260425_190407.jpg,0,4,0.047253973372252366,0.04675444140616734
IMG_20260425_190407.jpg,0,5,1.2845748452698444,0.006404059533745149
IMG_20260425_190407.jpg,0,6,0.3496472460533163,0.006761858568874053
IMG_20260425_190407.jpg,0,7,0.07166165889677473,0.010021663383195307
IMG_20260425_190407.jpg,1,0,0.07743646375041909,0.034288278162452446
IMG_20260425_190407.jpg,1,1,0.043913567024749675,0.04680859158897094
IMG_20260425_190407.jpg,1,2,0.07016950655575568,0.04636619799736584
IMG_20260425_190407.jpg,1,3,0.05436631100239344,0.04971319270837344
IMG_20260425_190407.jpg,1,4,0.04842385980263725,0.041628912530815826
IMG_20260425_190407.jpg,1,5,0.05385182062801537,0.010471656578873022
IMG_20260425_190407.jpg,1,6,0.05033970480710098,0.010960249328146656
IMG_20260425_190407.jpg,1,7,0.04894309217478774,0.012291799247459104
IMG_20260425_190407.jpg,2,0,0.1761153546940471,0.01895783573492642
IMG_20260425_190407.jpg,2,1,0.6116337958067991,0.00865055735192254
IMG_20260425_190407.jpg,2,2,0.19858747421087905,0.010588738316324356
IMG_20260425_190407.jpg,2,3,0.7516074984681478,0.007637446681538211
IMG_20260425_190407.jpg,2,4,1.0699570842491883,0.006873029759277169
IMG_20260425_190407.jpg,2,5,1.4406069926939373,0.006538238880194903
IMG_20260425_190407.jpg,2,6,1.4969968220414458,0.006476128169217638
IMG_20260425_190407.jpg,2,7,1.4493051122057452,0.0063244823070682694
IMG_20260425_190407.jpg,3,0,0.2909166621439547,0.013197775804133494
IMG_20260425_190407.jpg,3,1,0.45878617439585506,0.014112714375318391
IMG_20260425_190407.jpg,3,2,0.29439318385961816,0.014623375040847188
IMG_20260425_190407.jpg,3,3,0.2760154439893614,0.013154138580777993
IMG_20260425_190407.jpg,3,4,0.28745209132344546,0.010425850585636779
IMG_20260425_190407.jpg,3,5,0.46113384902329774,0.007497118907006002
IMG_20260425_190407.jpg,3,6,0.7885255319836,0.006772010809422419
IMG_20260425_190407.jpg,3,7,0.7783963726300034,0.006578721436114241
IMG_20260425_190407.jpg,4,0,0.22646291470275562,0.008129494989664211
IMG_20260425_190407.jpg,4,1,0.10190867050071292,0.014045679317349648
IMG_20260425_190407.jpg,4,2,0.23176201756221612,0.01881496158453658
IMG_20260425_190407.jpg,4,3,0.22081917683411476,0.017262130948271608
IMG_20260425_190407.jpg,4,4,0.2648465954000364,0.012336130309510761
IMG_20260425_190407.jpg,4,5,0.2601439257892683,0.011974826455715019
IMG_20260425_190407.jpg,4,6,0.3616086268465751,0.009070410249561645
IMG_20260425_190407.jpg,4,7,0.8719981616523964,0.00679061571520127
IMG_20260425_190407.jpg,5,0,0.17667529732085613,0.020512818749189782
IMG_20260425_190407.jpg,5,1,0.1170173006917001,0.012634690406473222
IMG_20260425_190407.jpg,5,2,0.06550512419691054,0.012996194486728865
IMG_20260425_190407.jpg,5,3,0.057602786459929715,0.024080116405140278
IMG_20260425_190407.jpg,5,4,0.10757704030206414,0.01911977162569412
IMG_20260425_190407.jpg,5,5,0.1544641326633769,0.013370559082948128
IMG_20260425_190407.jpg,5,6,0.2139478964130176,0.014609348396685056
IMG_20260425_190407.jpg,5,7,0.24207704827778437,0.010363328104941807
IMG_20260425_190407.jpg,6,0,0.07796004476530068,0.04663024147073629
IMG_20260425_190407.jpg,6,1,0.09607022283844203,0.045004400293777544
IMG_20260425_190407.jpg,6,2,0.08868061056362929,0.05199249937744711
IMG_20260425_190407.jpg,6,3,0.08603082722797903,0.04904750127547958
IMG_20260425_190407.jpg,6,4,0.04801077800376429,0.044542738017820036
IMG_20260425_190407.jpg,6,5,1.3282911435099571,0.0064825769319962956
IMG_20260425_190407.jpg,6,6,0.3430692180592334,0.009046133495890589
IMG_20260425_190407.jpg,6,7,0.06840200994357784,0.015471794558433321
IMG_20260425_190407.jpg,7,0,0.07081422611084008,0.04939208780324318
IMG_20260425_190407.jpg,7,1,0.05847359499756972,0.05448132536343368
IMG_20260425_190407.jpg,7,2,0.060057607064719826,0.05633216893942543
IMG_20260425_190407.jpg,7,3,0.061320781807343634,0.051309881099456
IMG_20260425_190407.jpg,7,4,0.047870573049766614,0.04642127056952774
IMG_20260425_190407.jpg,7,5,1.1024359457941633,0.007195849315833411
IMG_20260425_190407.jpg,7,6,0.055461870611509825,0.01400491567281994
IMG_20260425_190407.jpg,7,7,0.05115715259656504,0.01218333982759926
IMG_20260425_190408.jpg,0,0,0.04741371296103262,0.0638348016051185
IMG_20260425_190408.jpg,0,1,0.0455387207597204,0.055188070064516564
IMG_20260425_190408.jpg,0,2,0.04710289658301027,0.05089045019729981
IMG_20260425_190408.jpg,0,3,0.0473351792393893,0.04974099251954365
IMG_20260425_190408.jpg,0,4,0.046572490429346386,0.04000207874943605
IMG_20260425_190408.jpg,0,5,1.2247745158176644,0.0069696971166094135
IMG_20260425_190408.jpg,0,6,1.3075761282791603,0.006740005657737003
IMG_20260425_190408.jpg,0,7,0.12720728791551478,0.009132280896605522
IMG_20260425_190408.jpg,1,0,0.06119595809719742,0.04872513656335395
IMG_20260425_190408.jpg,1,1,0.05226028199242543,0.052718522517025856
IMG_20260425_190408.jpg,1,2,0.06805609242704519,0.04575261864775551
IMG_20260425_190408.jpg,1,3,0.05989084344134067,0.047926994656809746
IMG_20260425_190408.jpg,1,4,0.05005061259413539,0.03756418398852628
IMG_20260425_190408.jpg,1,5,0.047993862605231995,0.01180414346913873
IMG_20260425_190408.jpg,1,6,0.04901735820855049,0.011103768947404198
IMG_20260425_190408.jpg,1,7,0.055335305949747775,0.01116626207410401
IMG_20260425_190408.jpg,2,0,0.21371245385131116,0.01298684165577047
IMG_20260425_190408.jpg,2,1,0.1141999841589335,0.009562959907319148
IMG_20260425_190408.jpg,2,2,0.06221101623326476,0.011556252388135306
IMG_20260425_190408.jpg,2,3,0.11489496513966121,0.009353024956427987
IMG_20260425_190408.jpg,2,4,0.8418298953333981,0.007568102361543644
IMG_20260425_190408.jpg,2,5,0.8452950404126091,0.007119429564775187
IMG_20260425_190408.jpg,2,6,0.7072846241310603,0.007017222280934807
IMG_20260425_190408.jpg,2,7,0.724424334263098,0.007028999140860219
IMG_20260425_190408.jpg,3,0,0.2783782856133811,0.012526306766418291
IMG_20260425_190408.jpg,3,1,0.35053753727891473,0.016972230853538932
IMG_20260425_190408.jpg,3,2,0.2552073552595005,0.014911797816127037
IMG_20260425_190408.jpg,3,3,0.24543138097755357,0.010589601730051086
IMG_20260425_190408.jpg,3,4,0.29345090214980685,0.00915106034757413
IMG_20260425_190408.jpg,3,5,0.46703837130812553,0.007843665186721697
IMG_20260425_190408.jpg,3,6,0.4806498411230242,0.007438106667219584
IMG_20260425_190408.jpg,3,7,0.45624869895532605,0.007204343119897319
IMG_20260425_190408.jpg,4,0,0.2269629084223414,0.016035483463129576
IMG_20260425_190408.jpg,4,1,0.14357038710932932,0.01339821340432333
IMG_20260425_190408.jpg,4,2,0.280442041075871,0.013370138768953488
IMG_20260425_190408.jpg,4,3,0.24323663953192082,0.012229076587888075
IMG_20260425_190408.jpg,4,4,0.3125815982741299,0.010256416572263538
IMG_20260425_190408.jpg,4,5,0.31514083633427464,0.009786661270242076
IMG_20260425_190408.jpg,4,6,0.3730138566730628,0.00849368376308477
IMG_20260425_190408.jpg,4,7,0.644954189035874,0.007378150796056989
IMG_20260425_190408.jpg,5,0,0.1539723763781139,0.027402334358845423
IMG_20260425_190408.jpg,5,1,0.13736883752130372,0.010525392392468282
IMG_20260425_190408.jpg,5,2,0.06316429119622208,0.01613318951919433
IMG_20260425_190408.jpg,5,3,0.08895176932142272,0.026671801090014276
IMG_20260425_190408.jpg,5,4,0.14657726595169493,0.015500404304131427
IMG_20260425_190408.jpg,5,5,0.17303644350532293,0.011094560398062423
IMG_20260425_190408.jpg,5,6,0.2905202157543319,0.011668660034756525
IMG_20260425_190408.jpg,5,7,0.36073720265753706,0.009741457827230465
IMG_20260425_190408.jpg,6,0,0.06419039558310778,0.04607371371843772
IMG_20260425_190408.jpg,6,1,0.07356373381484663,0.04375894427139447
IMG_20260425_190408.jpg,6,2,0.06938674152629488,0.04979969168711296
IMG_20260425_190408.jpg,6,3,0.07249282984464588,0.044113952438874386
IMG_20260425_190408.jpg,6,4,0.05184495564378405,0.03593213328015377
IMG_20260425_190408.jpg,6,5,1.3255529098989547,0.006775849689034388
IMG_20260425_190408.jpg,6,6,0.2894187680129306,0.008282910073240968
IMG_20260425_190408.jpg,6,7,0.05427350985360801,0.015032910537724003
IMG_20260425_190408.jpg,7,0,0.05773004301166036,0.05154649314095206
IMG_20260425_190408.jpg,7,1,0.048631463180418284,0.05691366250048999
IMG_20260425_190408.jpg,7,2,0.0486083752660393,0.057387041253810056
IMG_20260425_190408.jpg,7,3,0.049670006261317304,0.05384684152330359
IMG_20260425_190408.jpg,7,4,0.04449737339381268,0.046442788482679576
IMG_20260425_190408.jpg,7,5,0.9465406433336373,0.007104161067658478
IMG_20260425_190408.jpg,7,6,0.06088829034829315,0.013917886666293133
IMG_20260425_190408.jpg,7,7,0.06215635588592829,0.01129782304748365
IMG_20260425_193144.jpg,0,0,0.09297248484099081,0.015473492625861687
IMG_20260425_193144.jpg,0,1,0.10544254069330523,0.01628225446024016
IMG_20260425_193144.jpg,0,2,0.08661562585795636,0.017336737104248996
IMG_20260425_193144.jpg,0,3,0.0889168285643882,0.01595211398491999
IMG_20260425_193144.jpg,0,4,0.8177070949413812,0.008146446957009498
IMG_20260425_193144.jpg,0,5,0.4575480424756439,0.00767856311536147
IMG_20260425_193144.jpg,0,6,0.08381336864267667,0.009468639750363064
IMG_20260425_193144.jpg,0,7,0.0876084005474426,0.008731576867825963
IMG_20260425_193144.jpg,1,0,0.08030685512969167,0.017543991434470163
IMG_20260425_193144.jpg,1,1,0.06982771573246083,0.01581724759303941
IMG_20260425_193144.jpg,1,2,0.07346201770230662,0.017861311699878066
IMG_20260425_193144.jpg,1,3,0.09074933121481785,0.015127997147507576
IMG_20260425_193144.jpg,1,4,0.7337103590018054,0.007894835390952926
IMG_20260425_193144.jpg,1,5,0.9043810530190008,0.007815667728724546
IMG_20260425_193144.jpg,1,6,0.5363886931030103,0.007201732218657049
IMG_20260425_193144.jpg,1,7,0.5138658596668852,0.007278238873250188
IMG_20260425_193144.jpg,2,0,0.08601841397056016,0.015518672195157911
IMG_20260425_193144.jpg,2,1,0.08614675898684382,0.01728911390724617
IMG_20260425_193144.jpg,2,2,0.06755190689151928,0.01648896198627087
IMG_20260425_193144.jpg,2,3,0.10165382670443912,0.012676849032464096
IMG_20260425_193144.jpg,2,4,0.3986639499501742,0.007524310743969315
IMG_20260425_193144.jpg,2,5,1.1644285838676725,0.007461659578857324
IMG_20260425_193144.jpg,2,6,0.8729672562863687,0.007436662184570319
IMG_20260425_193144.jpg,2,7,0.7654768172598996,0.007081052111733703
IMG_20260425_193144.jpg,3,0,0.11898093789048612,0.015557047285790463
IMG_20260425_193144.jpg,3,1,0.0765925201480629,0.01558220242103926
IMG_20260425_193144.jpg,3,2,0.09312460989396784,0.01482428869694466
IMG_20260425_193144.jpg,3,3,0.0987789301981336,0.013955669220645521
IMG_20260425_193144.jpg,3,4,0.1357921644848937,0.012956578225046814
IMG_20260425_193144.jpg,3,5,0.9432623552201704,0.007475855412713514
IMG_20260425_193144.jpg,3,6,0.6415640290505602,0.007258904696732606
IMG_20260425_193144.jpg,3,7,0.5584093555870243,0.006818268603486869
IMG_20260425_193144.jpg,4,0,0.10414205198679619,0.015485826813948904
IMG_20260425_193144.jpg,4,1,0.29198093162092126,0.009216289573440627
IMG_20260425_193144.jpg,4,2,0.20677573666340143,0.009835461593302933
IMG_20260425_193144.jpg,4,3,0.29232013828786907,0.009048460346027668
IMG_20260425_193144.jpg,4,4,0.4164869377553982,0.009148533287804404
IMG_20260425_193144.jpg,4,5,0.323904706118561,0.00917646323989538
IMG_20260425_193144.jpg,4,6,0.2712756849894322,0.008934549604162267
IMG_20260425_193144.jpg,4,7,0.40890765757535447,0.009182501548446187
IMG_20260425_193144.jpg,5,0,0.07657667619408261,0.01569429876268205
IMG_20260425_193144.jpg,5,1,0.16178890620746475,0.010236421951627307
IMG_20260425_193144.jpg,5,2,0.35720540555046326,0.009122833897819522
IMG_20260425_193144.jpg,5,3,0.40099954148674916,0.009322747985276207
IMG_20260425_193144.jpg,5,4,0.4808709532121297,0.009515575749614934
IMG_20260425_193144.jpg,5,5,0.5891291522348617,0.009610149660482323
IMG_20260425_193144.jpg,5,6,0.5873519308781462,0.009619154512233547
IMG_20260425_193144.jpg,5,7,0.7120798404863478,0.009429793857203635
IMG_20260425_193144.jpg,6,0,0.08138628553747931,0.02069856260307016
IMG_20260425_193144.jpg,6,1,0.08020928626557883,0.015532709075505679
IMG_20260425_193144.jpg,6,2,0.22909084685281414,0.009828220549064917
IMG_20260425_193144.jpg,6,3,0.39040920319485717,0.010281132595586237
IMG_20260425_193144.jpg,6,4,0.5384923556108672,0.009994398321280325
IMG_20260425_193144.jpg,6,5,0.6242710887529741,0.009660221131407897
IMG_20260425_193144.jpg,6,6,0.7630650713151735,0.009471470058012778
IMG_20260425_193144.jpg,6,7,0.6288177782248922,0.009166622371796935
IMG_20260425_193144.jpg,7,0,0.08232493223979424,0.012326248004525015
IMG_20260425_193144.jpg,7,1,0.12565247870895224,0.008368586466420625
IMG_20260425_193144.jpg,7,2,0.10660249602059381,0.009362174376645533
IMG_20260425_193144.jpg,7,3,0.0821692778036021,0.016344776010115403
IMG_20260425_193144.jpg,7,4,0.4046117205948266,0.010290490041945693
IMG_20260425_193144.jpg,7,5,0.5764676550781679,0.009980339798333779
IMG_20260425_193144.jpg,7,6,0.6888539636450113,0.009632359480671109
IMG_20260425_193144.jpg,7,7,0.6040182502452183,0.009516257592531866
IMG_20260425_193157.jpg,0,0,0.09686220050032393,0.01800152478693219
IMG_20260425_193157.jpg,0,1,0.07675779827861168,0.020211294232471914
IMG_20260425_193157.jpg,0,2,0.06267028965470882,0.019912284649529714
IMG_20260425_193157.jpg,0,3,0.0796756852745875,0.018814693313053545
IMG_20260425_193157.jpg,0,4,0.12108809527831164,0.009540365806661349
IMG_20260425_193157.jpg,0,5,0.8814650359952316,0.0074993077331638675
IMG_20260425_193157.jpg,0,6,0.6234849587420963,0.007144547603518464
IMG_20260425_193157.jpg,0,7,0.4699665567322794,0.006879148394874716
IMG_20260425_193157.jpg,1,0,0.07328542626546933,0.018259430421826223
IMG_20260425_193157.jpg,1,1,0.09609564306493572,0.017117195129817797
IMG_20260425_193157.jpg,1,2,0.07665357084978658,0.018995197311221446
IMG_20260425_193157.jpg,1,3,0.09863655925283386,0.01852569449379539
IMG_20260425_193157.jpg,1,4,0.20959828572218844,0.007040971952356141
IMG_20260425_193157.jpg,1,5,0.7325219193554557,0.007748594618148569
IMG_20260425_193157.jpg,1,6,0.8402255860383587,0.006786128310972462
IMG_20260425_193157.jpg,1,7,0.6178731948401283,0.006771262201454423
IMG_20260425_193157.jpg,2,0,0.06725811885011297,0.019463614152489598
IMG_20260425_193157.jpg,2,1,0.10079806697661493,0.015247702214941837
IMG_20260425_193157.jpg,2,2,0.1297948984711156,0.013692444398254934
IMG_20260425_193157.jpg,2,3,0.14321114981687222,0.013950455966090342
IMG_20260425_193157.jpg,2,4,0.11652232363304833,0.016317890245577737
IMG_20260425_193157.jpg,2,5,0.1454788054114515,0.010799341209069285
IMG_20260425_193157.jpg,2,6,0.17977216990649875,0.00791083072784006
IMG_20260425_193157.jpg,2,7,0.14251586680986614,0.007856110567719005
IMG_20260425_193157.jpg,3,0,0.09278936524685541,0.017463556291504683
IMG_20260425_193157.jpg,3,1,0.08057292377000662,0.016727998512428555
IMG_20260425_193157.jpg,3,2,0.29923398937599255,0.009446636685703152
IMG_20260425_193157.jpg,3,3,0.6717750040914731,0.008825136646219487
IMG_20260425_193157.jpg,3,4,0.47491154853259204,0.009207387370639726
IMG_20260425_193157.jpg,3,5,0.5117634270415276,0.00945062557434508
IMG_20260425_193157.jpg,3,6,0.5091093210874875,0.009842566501560969
IMG_20260425_193157.jpg,3,7,0.5778965471140796,0.00950568255216295
IMG_20260425_193157.jpg,4,0,0.1259119850572848,0.015683999023259097
IMG_20260425_193157.jpg,4,1,0.08919766572398355,0.01975804097471291
IMG_20260425_193157.jpg,4,2,0.13232798085614797,0.012932224015971409
IMG_20260425_193157.jpg,4,3,0.6854296774990333,0.009058362884297226
IMG_20260425_193157.jpg,4,4,0.7289505878657032,0.009267605916717481
IMG_20260425_193157.jpg,4,5,0.7079708203830677,0.009492221894522973
IMG_20260425_193157.jpg,4,6,0.9375338806433903,0.009470911120429385
IMG_20260425_193157.jpg,4,7,1.0392715257122127,0.009474747133173025
IMG_20260425_193157.jpg,5,0,0.15886287405148145,0.011731121162338154
IMG_20260425_193157.jpg,5,1,0.10745044299045643,0.016727846547156228
IMG_20260425_193157.jpg,5,2,0.18474159790416828,0.0100373844602416
IMG_20260425_193157.jpg,5,3,0.5053414913320735,0.009596110201052926
IMG_20260425_193157.jpg,5,4,0.5014284968198232,0.00952158581023382
IMG_20260425_193157.jpg,5,5,0.6772504263851958,0.009310000862289891
IMG_20260425_193157.jpg,5,6,0.8361315318378517,0.009375239763157012
IMG_20260425_193157.jpg,5,7,0.614213928477528,0.009466243506045507
IMG_20260425_193157.jpg,6,0,0.4037740447252662,0.0052068059074532255
IMG_20260425_193157.jpg,6,1,0.07948071535472787,0.009424164735435525
IMG_20260425_193157.jpg,6,2,0.09614109249243409,0.009019789575012076
IMG_20260425_193157.jpg,6,3,0.04992606944117703,0.02092711986664388
IMG_20260425_193157.jpg,6,4,0.050213603070678625,0.017739671546914977
IMG_20260425_193157.jpg,6,5,0.5447914407437029,0.009519677907120296
IMG_20260425_193157.jpg,6,6,0.5948355689450117,0.009196191380400355
IMG_20260425_193157.jpg,6,7,0.7997992423305628,0.00922264838832238
IMG_20260425_193157.jpg,7,0,0.9366024839259753,0.004058907412345263
IMG_20260425_193157.jpg,7,1,0.8031461446403558,0.004424660902091906
IMG_20260425_193157.jpg,7,2,0.10790293764092597,0.007130445495496531
IMG_20260425_193157.jpg,7,3,0.04661203312580815,0.023974159445060483
IMG_20260425_193157.jpg,7,4,0.06214290967294886,0.02397777495510734
IMG_20260425_193157.jpg,7,5,0.06501388659030033,0.02132880968259099
IMG_20260425_193157.jpg,7,6,0.16049672717804453,0.013426242234149502
IMG_20260425_193157.jpg,7,7,0.2750026151021666,0.010438039154270027
